{
  "cacheBootResources": true,
  "config": [ ],
  "debugBuild": false,
  "entryAssembly": "VTB.Sourcebook.Client",
  "icuDataMode": 0,
  "linkerEnabled": true,
  "resources": {
    "assembly": {
      "Microsoft.AspNetCore.Components.dll": "sha256-NM4\/P0OAhgDBdn9NXfH9DKW6YTjVC36VkyRQM1pF1Vs=",
      "Microsoft.AspNetCore.Components.QuickGrid.dll": "sha256-PW\/wHFaTp8vYiuguHaQ3AwRZufEAL3poOUlA2LvA0BA=",
      "Microsoft.AspNetCore.Components.Web.dll": "sha256-LBHKRS\/kyRGYc0xGeEFVp+KArWIOTUxbIJYNIbGxYLo=",
      "Microsoft.AspNetCore.Components.WebAssembly.dll": "sha256-OuF3PtqJ0AQyftLXwGLYpmtHPsGz9bvqyNn3WIbe1hc=",
      "Microsoft.AspNetCore.WebUtilities.dll": "sha256-D5akJeBd7NNITuzAXxlX7zl2jfsc4uTKyeEKwwNhqoo=",
      "Microsoft.Extensions.Configuration.Abstractions.dll": "sha256-yNUivmV4a48Mkbc1Sz+XJ9Y8moJKjWJo6Z0haFMFrKQ=",
      "Microsoft.Extensions.Configuration.dll": "sha256-OWH+xkIa4nRWGQutqm7dxgAY22jFGJlC+P6RzpDPrBE=",
      "Microsoft.Extensions.Configuration.Json.dll": "sha256-boSewHLerYdMMQk1EahIMSbAXSrf7Kgky4CGjZ3uuto=",
      "Microsoft.Extensions.DependencyInjection.Abstractions.dll": "sha256-N9riJsCM61Czu+CvB2iM10KF3E9hoC8FOA72APJWw9c=",
      "Microsoft.Extensions.DependencyInjection.dll": "sha256-azTt1JLi4RL0qaUPW8um+3BlO1IxYfZUaUP+kmJ6E6Y=",
      "Microsoft.Extensions.Logging.Abstractions.dll": "sha256-fFKLENEy1jDyKZxCp4CUBWMZngKqvoc837YOhBF1Bzs=",
      "Microsoft.Extensions.Logging.dll": "sha256-uvQcmI6XrSMo7BLb8B56Haq\/wjzfQPy1LJw48RmEmDs=",
      "Microsoft.Extensions.Options.dll": "sha256-T5jVw2iu5DWOW7fDB+sTItI3LDyjsz2wT4pCJl0cma8=",
      "Microsoft.Extensions.Primitives.dll": "sha256-XEUAmXLLER80hvgbizIXU+LxrRyuqgsL\/a8jGdsBE5U=",
      "Microsoft.JSInterop.dll": "sha256-mdV+TEvKvlEyCSE5Wd8OIRndJ76snWTYXTZUo7dnAOk=",
      "Microsoft.JSInterop.WebAssembly.dll": "sha256-ZvHWrxEeEN5h9m1gPb4wOyKkjA8F4fUhyUaYoFYr7IU=",
      "Microsoft.Net.Http.Headers.dll": "sha256-P66ftDrXwc6ayND8uYzIk0CPQy1GjNZAPHx9RMhi3V4=",
      "netstandard.dll": "sha256-02t7ZtHZ1DES9DwwUnZGR8fY9mGVE54wqu6UOyuUvJ8=",
      "System.Buffers.dll": "sha256-h1FaawuyVlqtRbEx6onLFuoHEkpqnhbw7FVf9tfXImI=",
      "System.Collections.Concurrent.dll": "sha256-53ZiGw0TNqds1zXBeyqDVwooIQbN8pYBxnCLunh1c8M=",
      "System.Collections.dll": "sha256-gimXlVFOYnYpz5j4oDYhYAE0t+GrMdNpxv7p7XzhWdU=",
      "System.ComponentModel.dll": "sha256-NaiWEp1Lg4M5ZL\/hhXmDMXF9Q\/wxBF1oOLwFfWEHu0Q=",
      "System.Linq.dll": "sha256-IkC8eLPygtR\/rsFYyqa0h3KCBjULl80e7\/kMXo170XM=",
      "System.Linq.Expressions.dll": "sha256-bA4qfw+eNDAH2\/AOZc45\/2TW9zc+Z7teVze7nL4F\/2o=",
      "System.Linq.Queryable.dll": "sha256-8jdPuoWIMnkE1rNgI6UX18ig35dWtRI8cPBCCIhfw+0=",
      "System.Memory.dll": "sha256-42cSk3df8UfpMVN+YwSLhmRoLrplPjpSdmALx4paTSE=",
      "System.Net.Http.dll": "sha256-HbpSDHDIkPKpdQiU\/8BQ1dSJcx5RyfRsfCRpldsGidY=",
      "System.Net.Http.Json.dll": "sha256-ivYQYgg\/fBxv0xLYQobakE6jpm8RxUwTAD0goZ6cAf4=",
      "System.Net.Primitives.dll": "sha256-2sO\/6ZHX8WzB1yFjtdXwVJAcH5KJALwvsD9MQFqCSHw=",
      "System.Private.CoreLib.dll": "sha256-+sqp4aHX1EvBCbFfFUy8QjmLZNFQhWawgGs5okdEQ0w=",
      "System.Private.Runtime.InteropServices.JavaScript.dll": "sha256-yPYWYlBQN+XDqNZ4XLkTe+ulUs0r6OQPeeLIDBVRGck=",
      "System.Private.Uri.dll": "sha256-GGseC+4ZqdvoZV81Bd9jpipSK7Ae1\/Z52+\/YFu7vYI8=",
      "System.Runtime.CompilerServices.Unsafe.dll": "sha256-EiE\/WBt7RaxqwmyDKiCqXPeUKCIiBWE4mSWaevjMfWU=",
      "System.Runtime.dll": "sha256-Vq+2\/NWa0if18\/Od942QnzUcTf5h2mStbDO87tS1Br4=",
      "System.Text.Encodings.Web.dll": "sha256-lvTSbeJlGOyYwK\/kf5vsNKpHbq26XP\/EGCJKIlaf1qg=",
      "System.Text.Json.dll": "sha256-\/XlZD+SLCJifKYcYUZv5DwggxmR8+kp\/YfQAlNWwYow=",
      "System.Threading.dll": "sha256-mpIyr0SQjmnSLJx7EOQRfqPP1c7SZuORCGypwAbSFKE=",
      "VTB.Sourcebook.Client.dll": "sha256-6HoIhj1tDTwNwOaMdoXXhm04nFvsdNJ2CIR4DCgb0MU=",
      "VTB.Sourcebook.Shared.dll": "sha256-P7o1rb4b+opSg4jpqX973HJJM9dpupZRbNFBaDeU1Yw="
    },
    "extensions": null,
    "lazyAssembly": null,
    "libraryInitializers": null,
    "pdb": null,
    "runtime": {
      "dotnet.6.0.11.r2ahoihcx5.js": "sha256-F30V+6jU3jwJYFZoLuwMAqzTiOXu6q7zGgOdjYBofDI=",
      "dotnet.timezones.blat": "sha256-Lv3h5dH3BV8JIZagipVCG0N\/oBjQF6jXUUWR6shkvws=",
      "dotnet.wasm": "sha256-uv9ggGYjOv1l7PZUHHHlIba88MjDiFYvp8OqO2qQGxY=",
      "icudt.dat": "sha256-Zuq0dWAsBm6\/2lSOsz7+H9PvFaRn61KIXHMMwXDfvyE=",
      "icudt_CJK.dat": "sha256-WPyI4hWDPnOw62Nr27FkzGjdbucZnQD+Ph+GOPhAedw=",
      "icudt_EFIGS.dat": "sha256-4RwaPx87Z4dvn77ie\/ro3\/QzyS+\/gGmO3Y\/0CSAXw4k=",
      "icudt_no_CJK.dat": "sha256-OxylFgLJlFqixsj+nLxYVsv5iZLvfIKMpLf9hrWaChA="
    },
    "runtimeAssets": {
      "dotnet.wasm": {
        "behavior": "dotnetwasm",
        "hash": "sha256-uv9ggGYjOv1l7PZUHHHlIba88MjDiFYvp8OqO2qQGxY="
      }
    },
    "satelliteResources": null
  }
}